{
  "metadata": {
    "schemaVersion": "1.0",
    "importType": "LEX",
    "importFormat": "JSON"
  },
  "resource": {
    "name": "riskLevel",
    "version": "3",
    "enumerationValues": [
      {
        "value": "High",
        "synonyms": [
          "high"
        ]
      },
      {
        "value": "Very Low",
        "synonyms": [
          "Very low"
        ]
      },
      {
        "value": "Low",
        "synonyms": [
          "small",
          "little",
          "not a lot",
          "secure",
          "safe"
        ]
      },
      {
        "value": "Medium",
        "synonyms": [
          "medium",
          "avarage"
        ]
      },
      {
        "value": "Very High",
        "synonyms": [
          "very high"
        ]
      },
      {
        "value": "None",
        "synonyms": [
          "none",
          "not at all"
        ]
      }
    ],
    "valueSelectionStrategy": "TOP_RESOLUTION"
  }
}